Firm,Exchange,Ticker,Publish_Date,Market_Cap,Publish_Date_Open,Publish_Date_Close,Next_Day_Open,Next_Day_Close,One_Week_Open,One_Week_Close,One_Month_Open,One_Month_Close,Three_Month_Open,Three_Month_Close,Six_Month_Open,Six_Month_Close
Blue Orca,TSX,AYA,09/25/2025,1339383924.83,11.31,9.44,9.71,10.69,12.64,12.17,None,None,None,None,None,None
Blue Orca,NASDAQ,NUTX,07/22/2025,555567163.03,110.92,100.01,99.83,92.9,90.27,85.41,91.62,96.18,None,None,None,None
Blue Orca,NASDAQ,HSAI,03/18/2025,2655187207.03,22.78,20.56,20.16,20.75,18.5,18.39,11.13,10.95,20.55,19.13,29.64,29.8
Blue Orca,NYSE,TDOC,02/19/2025,2433030496.62,13.0,13.77,13.57,12.69,11.24,10.99,8.01,8.41,7.31,7.34,7.58,7.49
Blue Orca,NASDAQ,BWIN,10/30/2024,3365353619.5,50.39,47.19,46.64,46.26,42.53,44.72,49.03,48.96,41.91,41.38,42.21,42.23
Blue Orca,NYSE,SUI,09/25/2024,16028468437.41,129.35,128.07,128.16,126.34,124.29,124.9,130.13,125.59,115.8,117.55,123.85,123.23
Blue Orca,NYSE,DAY,04/04/2024,10145595679.3,64.2,64.21,64.21,61.04,62.34,62.77,57.8,58.17,50.89,51.26,61.1,60.8
Blue Orca,NASDAQ,FLNC,02/22/2024,1929077889.38,17.08,14.73,16.61,14.41,15.82,15.29,15.7,15.9,19.09,20.04,17.92,17.67
Blue Orca,NYSE,FMC,09/07/2023,8572908618.05,73.18,68.63,68.97,68.05,68.66,68.19,57.15,57.64,49.33,50.23,53.87,54.83
Blue Orca,NYSE,FOUR,04/19/2023,4211755154.24,67.9,62.59,63.35,65.76,64.03,62.66,65.53,65.23,68.27,68.87,51.12,52.02
Blue Orca,NASDAQ,PLL,03/08/2023,1306451306.21,55.0,59.53,59.53,56.71,55.0,53.14,50.8,51.98,61.18,63.65,44.89,46.09
Blue Orca,NYSE,STEM,01/11/2023,1523198743.99,168.2,181.6,183.6,182.8,209.6,205.6,189.2,183.8,101.8,104.8,121.0,125.6
Blue Orca,NYSE,EVA,10/12/2022,None,54.64,51.23,50.33,52.05,55.24,53.52,58.92,60.4,46.52,46.24,24.68,24.51
Blue Orca,NYSE,MNSO,07/26/2022,1699665341.21,6.38,5.59,5.7,5.16,5.15,5.43,5.92,6.32,4.42,4.68,14.12,14.16
Blue Orca,NYSE,IIPR,04/14/2022,3454690251.0,129.93,123.28,123.51,118.5,120.25,115.33,100.63,96.75,81.04,82.36,69.31,70.61
Blue Orca,NYSE,LICY,03/24/2022,None,66.16,63.44,62.96,61.28,69.2,67.6,51.28,55.36,59.28,59.84,49.6,49.6
Blue Orca,AMEX,SLI,11/18/2021,1634390195.84,9.25,8.01,8.6,9.28,9.65,9.94,8.34,8.46,6.69,6.73,5.8,6.09
Blue Orca,NASDAQ,HYZN,09/28/2021,None,400.5,331.5,334.41,301.5,306.5,319.5,258.0,272.5,355.5,370.5,317.5,308.0
Blue Orca,NASDAQ,SY,05/06/2021,669479235.69,7.45,8.0,8.56,8.06,7.51,7.17,9.05,8.72,6.6,6.37,3.72,3.64
Blue Orca,ASX,SEK,10/29/2020,4594162349.64,13.54,12.86,12.86,12.86,13.35,13.32,15.82,15.58,17.09,17.39,18.71,18.77
Blue Orca,HK,6186,07/08/2020,14956205120.81,1.56,1.65,1.68,1.56,1.51,1.52,1.5,1.53,1.84,1.79,1.79,1.85
Blue Orca,HK,867,02/06/2020,None,None,None,None,None,None,None,None,None,None,None,None,None
Blue Orca,HK,496,11/21/2019,None,None,None,None,None,None,None,None,None,None,None,None,None
Blue Orca,HK,1717,08/15/2019,1890072446.59,1.06,1.06,1.13,1.21,1.29,1.25,1.27,1.27,1.13,1.11,1.13,1.14
Blue Orca,HK,1360,05/09/2019,762189719.19,0.53,0.37,0.37,0.37,0.37,0.37,0.26,0.26,0.21,0.21,0.24,0.24
Blue Orca,NASDAQ,CORT,02/05/2019,1160142760.41,10.2,11.01,11.01,11.59,11.44,11.63,11.96,12.23,12.42,12.76,12.18,12.66
Blue Orca,NASDAQ,PDD,11/14/2018,27186229205.75,17.2,19.15,18.7,20.38,23.5,23.66,21.91,23.1,27.26,26.95,21.51,20.75
Blue Orca,NASDAQ,GDS,07/31/2018,4061762676.17,35.25,21.83,27.36,25.0,27.43,28.32,38.97,36.76,23.61,22.18,26.2,26.01
Blue Orca,HK,1910,05/24/2018,4719872443.22,3.41,3.41,3.11,2.99,2.99,2.99,3.28,3.26,3.38,3.3,2.61,2.57
Blue Orca,ASX,BLA,03/28/2018,None,None,None,None,None,None,None,None,None,None,None,None,None
Blue Orca,HK,607,04/25/2017,None,None,None,None,None,None,None,None,None,None,None,None,None
Blue Orca,ASX,TFC/QIN,03/22/2017,None,None,None,None,None,None,None,None,None,None,None,None,None
Blue Orca,HK,1363,11/23/2016,None,None,None,None,None,None,None,None,None,None,None,None,None
Blue Orca,HK,3823,07/28/2016,322400002.48,0.3,0.04,0.04,0.02,0.04,0.04,0.03,0.03,0.03,0.03,0.02,0.02
Blue Orca,HK,2014,02/16/2015,None,None,None,None,None,None,None,None,None,None,None,None,None
Blue Orca,NASDAQ,TKMR,11/10/2014,None,None,None,None,None,None,None,None,None,None,None,None,None
Blue Orca,HK,67,03/25/2014,None,None,None,None,None,None,None,None,None,None,None,None,None
Blue Orca,NYSE,AAMC,03/19/2014,None,None,None,None,None,None,None,None,None,None,None,None,None
Blue Orca,HK,1259,10/16/2013,1260298617.16,0.76,0.57,0.57,0.57,0.57,0.57,0.57,0.57,0.36,0.36,0.29,0.29
Blue Orca,NYSE,SFUN,04/16/2013,None,None,None,None,None,None,None,None,None,None,None,None,None
Blue Orca,HK,773,01/28/2013,None,None,None,None,None,None,None,None,None,None,None,None,None
Blue Orca,NASDAQ,CMED,12/06/2011,None,None,None,None,None,None,None,None,None,None,None,None,None
Blue Orca,NASDAQ,LLEN,08/02/2011,None,None,None,None,None,None,None,None,None,None,None,None,None
Blue Orca,NASDAQ,GFRE,04/26/2011,None,None,None,None,None,None,None,None,None,None,None,None,None
Blue Orca,NYSE,UTA,03/08/2011,None,None,None,None,None,None,None,None,None,None,None,None,None
Hindenberg,NASDAQ,RIOT,1/9/2018,8878348952.8,24.99,24.02,23.9,22.94,20.0,18.28,15.8,14.89,6.58,6.4,5.29,4.86
Hindenberg,NASDAQ,RIOT,2/21/2018,3918005849.0,10.7,10.6,10.76,9.98,9.76,10.58,7.65,7.5,8.06,7.85,5.36,5.31
Hindenberg,NASDAQ,RIOT,2/26/2018,3659269341.0,9.95,9.9,9.95,9.96,10.67,10.83,6.88,6.28,7.53,7.08,5.63,5.76
Hindenberg,NASDAQ,OPK,2/27/2018,2944934144.08,3.72,3.71,3.69,3.39,3.49,3.42,3.1,3.17,3.67,3.72,5.72,6.0
Hindenberg,OTCMKTS,CRUIF,2/18/2018,None,None,None,None,None,None,None,None,None,None,None,None,None
Hindenberg,OTCQB,APHQF,3/21/2018,None,None,None,None,None,None,None,None,None,None,None,None,None
Hindenberg,OTCQB,APHQF,3/22/2018,None,None,None,None,None,None,None,None,None,None,None,None,None
Hindenberg,NASDAQ,PLSE,4/24/2018,1166237023.38,17.7,17.33,17.11,15.71,17.49,17.95,15.21,15.46,14.13,13.86,9.83,9.27
Hindenberg,NASDAQ,INPX,4/30/2018,None,None,None,None,None,None,None,None,None,None,None,None,None
Hindenberg,NASDAQ,GNPX,5/9/2018,26378201893.45,680.0,614.8,603.2,533.2,429.6,471.2,435.2,413.2,120.8,125.2,65.92,65.2
Hindenberg,NASDAQ,AMEH,9/4/2018,None,None,None,None,None,None,None,None,None,None,None,None,None
Hindenberg,NASDAQ,OPK,9/11/2018,3635525071.84,4.58,4.58,4.58,4.58,4.33,4.22,3.48,3.54,3.33,3.32,2.48,2.57
Hindenberg,NYSE,LTS,9/18/2018,None,None,None,None,None,None,None,None,None,None,None,None,None
Hindenberg,NYSE,GNW,11/1/2018,1670466145.21,4.25,4.07,4.03,4.16,4.7,4.71,4.72,4.75,4.75,4.74,3.95,3.79
Hindenberg,NYSE,GMW,11/9/2018,None,None,None,None,None,None,None,None,None,None,None,None,None
Hindenberg,OTCQB,APHQF,12/3/2018,None,None,None,None,None,None,None,None,None,None,None,None,None
Hindenberg,OTCQB,APHQF,12/4/2018,None,None,None,None,None,None,None,None,None,None,None,None,None
Hindenberg,OTCQB,APHQF,12/6/2018,None,None,None,None,None,None,None,None,None,None,None,None,None
Hindenberg,OTCQB,APHQF,12/28/2018,None,None,None,None,None,None,None,None,None,None,None,None,None
Hindenberg,NASDAQ,SKYS,2/25/2019,None,None,None,None,None,None,None,None,None,None,None,None,None
Hindenberg,NYSE,EMWP,7/7/2019,None,None,None,None,None,None,None,None,None,None,None,None,None
Hindenberg,OTCMKTS,PREDQ,7/11/2019,584213789.89,3.11,1.95,1.92,1.6,2.24,2.5,2.53,2.35,1.55,1.52,1.04,1.19
Hindenberg,OTCMKTS,PREDQ,7/15/2019,599193616.0,1.6,2.0,2.05,1.92,2.8,2.7,2.14,1.98,1.49,1.5,1.0,0.9
Hindenberg,NYSE,DVA,8/13/2019,4246384956.36,58.8,59.39,58.8,58.17,57.16,55.91,60.0,60.3,69.27,69.43,81.36,82.75
Hindenberg,NYSE,BE,9/17/2019,774533267.31,3.76,3.31,3.33,3.34,3.4,3.24,2.95,2.87,6.85,6.68,5.1,5.31
Hindenberg,NYSE,BE,9/18/2019,781553199.72,3.33,3.34,3.65,3.55,3.21,3.47,2.87,2.9,6.62,6.62,5.1,5.31
Hindenberg,NASDAQ,SDCCQ,10/4/2019,None,13.31,14.72,15.0,13.49,10.41,11.13,12.62,13.05,8.82,8.32,4.5,4.16
Hindenberg,NASDAQ,OPRA,1/16/2020,516683676.68,5.91,5.77,6.13,5.56,5.8,6.33,5.41,5.33,4.04,3.96,8.0,7.52
Hindenberg,OTCMKTS,NEXCF,2/10/2020,279000343.4,1.4,1.29,1.06,1.41,1.13,1.34,0.95,0.9,1.39,1.57,4.28,3.85
Hindenberg,TSXV,PCLO,3/2/2020,178396519.06,1.17,0.95,0.88,0.9,0.77,0.71,0.59,0.61,0.66,0.61,0.47,0.45
Hindenberg,NASDAQ,HFFG,3/23/2020,519829563.72,11.13,9.8,10.17,9.66,8.02,8.3,6.37,6.58,8.1,8.31,6.94,6.58
Hindenberg,OTCMKTS,PREDQ,3/27/2020,248665345.64,0.97,0.83,0.87,0.86,0.94,1.38,0.82,0.82,0.42,0.44,0.17,0.16
Hindenberg,NASDAQ,WORX,4/17/2020,1002465303.95,116.55,100.8,87.15,92.25,86.32,86.32,86.32,86.32,86.32,86.32,22.05,21.9
Hindenberg,TSXV,NUAG,4/20/2020,None,None,None,None,None,None,None,None,None,None,None,None,None
Hindenberg,HKG,1636,5/17/2020,None,None,None,None,None,None,None,None,None,None,None,None,None
Hindenberg,OTCMKTS,SRNE,5/20/2020,None,5.03,5.7,5.5,5.03,5.28,5.17,4.82,4.8,12.31,12.28,6.4,6.57
Hindenberg,HKG,1636,5/21/2020,1631286842.64,3.64,3.64,3.68,3.63,3.63,3.59,0.49,0.42,0.39,0.41,0.25,0.24
Hindenberg,NASDAQ,GNUS,6/5/2020,None,None,None,None,None,None,None,None,None,None,None,None,None
Hindenberg,NASDAQ,WINS,6/17/2020,None,None,None,None,None,None,None,None,None,None,None,None,None
Hindenberg,NASDAQ,IDEX,6/26/2020,None,None,None,None,None,None,None,None,None,None,None,None,None
Hindenberg,NASDAQ,JCOM,6/30/2020,None,None,None,None,None,None,None,None,None,None,None,None,None
Hindenberg,TSXV,FD,7/23/2020,None,None,None,None,None,None,None,None,None,None,None,None,None
Hindenberg,NASDAQ,GRWG,8/21/2020,1036740372.98,16.82,17.34,14.67,14.34,16.1,16.34,15.4,16.65,29.0,29.46,60.13,59.35
Hindenberg,NASDAQ,NKLA,9/10/2020,None,None,None,None,None,None,None,None,None,None,None,None,None
Hindenberg,NASDAQ,NKLA,9/15/2020,None,None,None,None,None,None,None,None,None,None,None,None,None
Hindenberg,NASDAQ,LOOP,10/13/2020,373634676.86,7.75,7.83,7.53,7.55,6.95,6.78,6.83,6.77,9.26,9.17,8.38,8.32
Hindenberg,NASDAQ,KNDI,11/30/2020,800752367.26,13.11,9.76,8.93,8.57,8.1,8.49,7.15,7.37,7.23,7.42,5.55,5.56
Hindenberg,NASDAQ,LOOP,12/15/2020,345480843.08,9.33,7.24,7.3,7.27,8.13,8.44,9.23,8.68,8.67,8.79,11.64,10.63
Hindenberg,NASDAQ,CLOV,2/4/2021,5138304596.3,12.24,12.23,12.53,12.93,12.38,12.01,7.91,7.35,9.08,8.84,8.3,8.12
Hindenberg,NASDAQ,CLOV,2/5/2021,5432402492.64,12.53,12.93,13.04,12.37,11.93,12.08,7.91,7.35,8.71,8.23,8.15,7.92
Hindenberg,NYSE,ORA,3/1/2021,4969623526.44,80.71,82.19,83.41,80.56,77.62,76.88,75.95,76.34,67.81,67.54,68.77,68.58
Hindenberg,NASDAQ,RIDE,3/12/2021,None,210.0,221.7,229.8,243.3,194.7,199.5,174.45,160.88,161.55,159.0,95.4,92.55
Hindenberg,NASDAQ,EBON,4/6/2021,784113712.75,156.9,165.9,170.1,162.3,147.6,152.1,111.63,99.3,87.99,86.4,58.5,57.3
Hindenberg,NASDAQ,PCT,5/6/2021,2670780570.28,19.21,14.83,14.42,15.18,12.86,10.82,20.57,20.93,14.62,14.49,13.74,13.19
Hindenberg,OTCMKTS,HMBL,5/20/2021,35728177743.57,0.8,0.77,0.78,0.83,1.24,1.37,1.31,1.24,0.77,0.75,0.58,0.5
Hindenberg,NASDAQ,DKNG,6/15/2021,24083762310.9,44.95,48.51,48.86,48.81,48.94,50.16,44.4,44.83,62.9,60.46,30.11,28.85
Hindenberg,NASDAQ,TGLS,12/9/2021,978177050.41,20.18,20.82,20.11,18.03,22.95,23.56,22.2,22.42,20.99,22.84,21.25,21.11
Hindenberg,NYSE,SLI,2/3/2022,1079391239.28,5.96,5.29,5.67,6.27,6.71,6.62,5.59,4.97,6.25,6.71,5.41,5.74
Hindenberg,NASDAQ,NTRA,3/9/2022,5050730196.09,45.45,36.8,42.16,42.61,31.43,35.02,41.91,42.86,35.07,37.15,47.97,47.74
Hindenberg,NYSE,JNJ,3/24/2022,380190922575.95,157.65,157.86,158.27,159.38,161.78,159.66,164.26,167.57,155.94,159.33,150.8,150.57
Hindenberg,NASDAQ,MULN,4/6/2022,None,3564000000000.0,3577500000000.0,3402000000000.0,3213000000000.0,None,None,None,None,None,None,None,None
Hindenberg,NASDAQ,SGLY,5/5/2022,201767616.0,46.7,48.0,45.1,42.4,43.0,45.3,44.0,36.9,34.2,37.4,26.6,25.1
Hindenberg,NASDAQ,TWTR,5/9/2022,None,49.3,47.96,47.91,47.26,39.17,37.39,39.96,40.44,42.94,42.94,None,None
Hindenberg,NASDAQ,ENOB,6/1/2022,None,4.15,3.77,3.6,3.72,3.44,3.53,1.82,1.93,2.47,2.49,1.74,1.69
Hindenberg,NASDAQ,EBIX,6/16/2022,None,13.75,14.59,14.93,16.63,16.67,16.41,19.25,19.17,22.83,22.88,22.14,20.84
Hindenberg,NASDAQ,ESTA,10/19/2022,1481273762.62,45.0,51.13,51.13,51.1,55.9,55.75,60.82,61.05,68.77,69.89,73.99,74.65
Hindenberg,NYSE,WELL,12/7/2022,40651921153.71,60.58,60.78,60.97,61.44,61.91,62.98,63.33,65.25,70.75,69.74,72.06,72.29
Hindenberg,NYSE,SQ,3/23/2023,None,60.0,61.88,59.75,60.68,68.99,68.49,63.7,64.5,66.71,65.46,49.94,49.8
Hindenberg,NYSE,SQ,3/21/2023,None,75.84,77.46,77.15,72.65,64.0,63.76,61.72,62.36,65.89,66.8,52.81,51.25
Hindenberg,NASDAQ,IEP,5/2/2023,13699282808.59,28.41,23.89,23.31,19.28,21.74,22.48,14.1,13.7,21.23,21.78,11.18,11.02
Hindenberg,NASDAQ,IEP,5/11/2023,10742869813.34,17.97,18.73,19.74,20.95,20.52,20.54,18.07,18.43,14.7,14.92,13.06,13.16
Hindenberg,NASDAQ,TIO,6/6/2023,None,1.35,1.32,1.06,1.45,0.94,1.3,1.28,1.35,1.05,1.12,None,None
Hindenberg,NASDAQ,FRHC,8/15/2023,4485712800.97,70.7,73.27,72.13,69.87,89.9,90.7,91.0,89.0,79.87,78.77,83.29,82.53
Hindenberg,NASDAQ,TIO,8/31/2023,None,1.71,1.29,1.09,1.22,1.05,1.09,1.03,0.99,None,None,None,None
Hindenberg,NASDAQ,EH,11/7/2023,685278830.7,12.75,13.06,13.11,13.99,13.61,14.13,17.0,16.13,10.2,9.53,18.09,18.7
Hindenberg,NASDAQ,LFST,2/1/2024,2193601210.23,4.75,5.64,5.46,6.01,6.06,6.47,7.74,7.76,6.17,6.45,5.54,5.59
Hindenberg,NASDAQ,RENB,2/13/2024,445060760.09,33.0,19.2,19.8,21.9,23.2,20.2,29.5,31.3,12.0,11.6,6.2,7.1
Hindenberg,SWX,TEMN,2/15/2024,None,None,None,None,None,None,None,None,None,None,None,None,None
Muddy Waters,NASDAQ,APP,05/07/2025,93355331121.85,300.55,303.46,344.0,339.51,373.49,376.54,421.0,417.89,398.0,377.93,None,None
Muddy Waters,NASDAQ,FTAI,01/15/2025,11815100391.07,157.54,115.19,125.89,119.08,83.36,91.28,107.34,112.72,98.28,95.38,110.76,114.41
Muddy Waters,NYSE,ELF,11/20/2024,6751453457.0,121.4,119.0,120.51,122.47,126.27,127.15,126.19,128.66,73.32,72.27,77.54,79.57
Muddy Waters,NASDAQ,KDNY,05/16/2023,None,22.7,22.35,22.31,21.51,21.98,21.54,37.7,37.81,None,None,None,None
Muddy Waters,NASDAQ,DLO,11/16/2022,1641932540.9,19.77,9.97,9.54,10.11,12.54,13.25,12.58,12.92,15.41,15.68,13.26,14.03
Muddy Waters,NASDAQ,RUN,07/28/2022,7134251143.84,28.58,30.92,30.58,32.69,32.47,31.82,32.69,32.82,21.66,21.71,26.36,26.09
Muddy Waters,NYSE,HASI,07/12/2022,3023507499.72,30.0,24.32,24.39,24.98,27.26,27.96,38.0,35.48,23.15,22.73,26.75,26.59
Muddy Waters,NYSE,BEKE,12/16/2021,19499145881.86,16.98,17.31,16.9,18.3,18.06,17.96,19.61,20.82,12.29,14.08,14.08,14.43
Muddy Waters,OTCMKTS,DNMR,09/15/2021,1779319224.86,682.0,589.2,609.6,662.4,684.4,633.6,592.4,576.8,434.8,435.6,142.0,136.4
Muddy Waters,NYSE,XL,03/03/2021,None,16.72,13.86,13.65,12.0,11.55,11.9,8.06,7.49,6.97,7.25,6.82,6.73
Muddy Waters,NASDAQ,YY,11/18/2020,None,99.8,73.66,84.22,86.11,88.21,90.9,82.17,82.28,137.54,147.8,88.02,87.29
Muddy Waters,NASDAQ,NNOX,09/22/2020,1925221997.23,23.9,30.11,28.36,29.31,26.0,24.0,30.49,31.57,47.84,50.31,48.75,47.11
Muddy Waters,BATS,GSX,05/18/2020,None,None,None,None,None,None,None,None,None,None,None,None,None
Muddy Waters,NASDAQ,EHTH,04/08/2020,3153500985.95,96.5,103.2,107.13,115.01,118.0,119.21,117.33,116.18,104.27,106.24,89.19,93.3
Muddy Waters,NASDAQ,INGN,02/08/2019,3696962153.81,138.57,136.72,135.35,142.2,138.98,141.89,93.82,96.28,67.01,72.24,45.69,42.32
Muddy Waters,NYSE,MFC,10/04/2018,21141487600.12,12.96,12.51,12.25,12.11,11.36,11.19,12.02,11.82,10.16,10.39,12.78,12.78
Muddy Waters,NYSE,TAL,06/13/2018,18953608782.31,46.07,41.11,39.85,40.48,41.07,39.78,39.26,38.6,25.99,26.69,26.51,26.9
Muddy Waters,OTCMKTS,CIFS,12/20/2017,None,None,None,None,None,None,None,None,None,None,None,None,None
Scorpion,NASDAQ,SLNO,08/15/2025,3806776848.7,66.3,71.63,71.35,68.09,70.23,68.57,53.33,51.17,None,None,None,None
Scorpion,NASDAQ,TMDX,01/10/2025,2345757313.13,62.93,68.81,65.11,64.05,58.38,57.2,72.9,70.24,73.82,76.37,125.0,126.41
Scorpion,TOKYO,6920,06/05/2024,None,None,None,None,None,None,None,None,None,None,None,None,None
Scorpion,NASDAQ,HRMY,03/28/2023,1772004066.91,34.0,30.8,31.0,33.36,33.08,31.13,31.8,31.3,35.85,35.66,33.78,33.13
Scorpion,NASDAQ,TWST,11/15/2022,1836782966.17,28.76,30.43,29.8,28.29,25.8,25.21,26.07,25.38,23.89,23.95,12.28,13.48
Scorpion,NYSE,IONQ,05/03/2022,2366135732.06,7.49,7.15,6.71,7.5,5.29,4.88,5.29,5.8,5.41,5.25,5.65,5.89
Scorpion,NYSE,DNA,10/06/2021,19947154000.21,459.6,423.6,428.8,448.8,444.8,410.0,570.8,558.0,347.6,319.2,169.2,165.2
Scorpion,NASDAQ,BLI,09/15/2021,None,29.57,26.62,25.67,23.53,24.67,23.15,24.4,25.5,17.43,17.39,5.5,5.26
Scorpion,NYSE,QS,04/15/2021,18747369701.31,36.98,35.85,37.01,35.52,34.05,34.15,28.99,27.68,23.2,23.2,23.43,24.39
Scorpion,NYSE,NVRO,01/07/2021,None,168.6,163.53,164.66,171.01,175.46,176.12,177.67,179.24,143.38,141.6,159.66,155.79
Scorpion,NASDAQ,ALLK,12/18/2019,None,None,None,None,None,None,None,None,None,None,None,None,None
Scorpion,NASDAQ,AXGN,12/18/2018,982828608.72,27.83,21.36,20.62,19.83,17.24,18.62,14.58,15.36,20.88,21.5,20.57,20.99
Scorpion,NASDAQ,FANH,08/27/2018,None,None,None,None,None,None,None,None,None,None,None,None,None
Spruce Point,NASDAQ,DKNG,10/03/2025,17560145880.98,35.25,35.37,35.86,34.98,34.49,32.69,None,None,None,None,None,None
Spruce Point,NYSE,UEC,09/18/2025,5923384096.02,11.95,12.26,12.11,12.35,13.08,13.44,None,None,None,None,None,None
Spruce Point,NASDAQ,IRTC,09/18/25,None,None,None,None,None,None,None,None,None,None,None,None,None
Spruce Point,NASDAQ,LMB,07/22/2025,1451026422.68,123.01,124.8,125.0,124.11,137.61,135.72,117.14,119.7,None,None,None,None
Spruce Point,NASDAQ,TEM,05/28/2025,8973976639.5,63.99,53.2,54.75,54.43,62.33,62.78,69.0,66.52,75.9,76.3,None,None
Spruce Point,NYSE,YOU,04/30/2025,2333563921.42,24.11,24.48,24.82,24.2,26.29,26.07,24.2,24.55,30.15,29.54,None,None
Spruce Point,NASDAQ,MNST,04/08/2025,53713313037.99,57.67,55.01,55.13,58.25,58.75,58.64,60.65,60.14,63.08,62.85,67.11,67.09
Spruce Point,NASDAQ,RELY,03/11/2025,4222836989.77,19.62,20.48,20.62,19.75,19.52,19.49,19.93,20.01,21.61,20.31,19.62,19.93
Spruce Point,NYSE,DY,02/15/2025,None,None,None,None,None,None,None,None,None,None,None,None,None
Spruce Point,NASDAQ,ROAD,01/23/2025,3926839540.01,85.17,82.58,83.14,84.46,80.98,80.02,73.42,70.19,80.69,77.18,105.83,103.52
Spruce Point,NASDAQ,PRCT,01/16/2025,4386337384.7,76.19,78.84,79.26,76.02,68.42,69.64,67.95,66.92,52.21,52.81,58.35,58.01
Spruce Point,NYSE,AEG,12/16/2024,9022958814.25,5.83,5.76,5.72,5.65,5.62,5.65,6.06,6.05,6.28,6.36,6.79,6.8
Spruce Point,NASDAQ,ERIE,10/18/2024,21914578664.16,468.79,474.45,473.53,470.74,451.41,437.36,399.67,406.44,395.26,400.92,416.44,408.48
Spruce Point,NASDAQ,INTU,09/20/2024,178347137507.63,639.06,639.68,644.16,636.69,631.59,613.94,604.24,609.9,649.47,632.77,602.8,600.15
Spruce Point,NASDAQ,ZBRA,08/08/2024,16357393093.74,307.73,321.71,320.55,319.95,338.77,343.21,321.59,327.93,403.78,394.02,384.14,383.46
Spruce Point,NYSE,FND,07/01/2024,10259766461.74,98.0,95.27,94.18,96.07,93.73,92.21,96.9,98.0,122.81,124.17,99.05,99.89
Spruce Point,NYSE,BOOT,05/08/2024,3165562496.18,99.36,103.6,104.64,107.0,106.72,109.98,128.84,128.01,119.14,117.56,125.53,128.67
Spruce Point,NYSE,PWSC,04/17/2024,None,19.01,17.79,17.5,17.43,17.67,17.57,19.11,19.71,22.48,22.48,None,None
Spruce Point,TSX,WSP,04/03/2024,19682677405.05,150.44,150.79,150.8,152.82,152.27,153.05,156.31,155.0,154.64,154.77,171.97,174.4
Spruce Point,NYSE,ENFN,03/14/2024,None,8.92,9.26,9.16,9.3,9.23,9.28,9.56,9.16,8.73,8.56,8.23,8.14
Spruce Point,NASDAQ,Z,03/05/2024,10133219267.19,56.05,54.49,55.03,56.21,57.29,56.55,47.19,46.82,41.16,41.71,54.87,54.01
Spruce Point,NYSE,MSCI,01/17/2024,40768588981.49,520.93,526.96,539.88,535.09,555.98,546.84,562.9,558.48,503.93,504.16,492.93,494.05
Spruce Point,NYSE,ELF,11/09/2023,5642285930.21,97.62,99.45,98.98,95.09,110.16,111.88,127.94,128.61,171.16,164.82,161.84,163.61
Spruce Point,NYSE,ROL,10/04/2023,16977576533.93,34.28,35.03,35.07,34.93,35.74,35.38,37.05,37.14,42.6,42.32,45.44,44.88
Spruce Point,NYSE,IOT,09/21/2023,8212927480.83,24.33,23.55,23.6,23.13,24.71,25.0,22.57,23.15,33.55,33.12,36.22,36.8
Spruce Point,NYSE,XYL,08/09/2023,24256015342.46,99.54,99.65,99.82,99.76,98.16,97.4,93.44,93.03,93.6,94.54,110.76,111.82
Spruce Point,NYSE,HIMS,07/13/2023,1982718162.66,8.54,9.11,9.08,8.86,8.84,8.35,7.16,7.12,6.43,6.37,8.68,8.54
Spruce Point,NASDAQ,PERI,05/23/2023,1364626519.64,29.95,30.3,29.97,30.91,30.71,30.08,33.1,32.63,33.26,33.62,28.5,28.65
Spruce Point,NYSE,DV,05/02/2023,4453964364.03,28.0,27.22,27.32,26.59,27.0,27.05,34.44,34.75,42.0,42.1,26.77,26.87
Spruce Point,TSX/NASDAQ,NVEI,04/18/2023,None,39.86,42.13,41.64,42.16,41.41,40.03,33.29,32.51,34.02,35.27,15.24,15.66
Spruce Point,NYSE,WTRG,03/08/2023,10954795254.51,37.46,39.06,39.14,38.45,39.02,39.83,41.07,41.21,37.93,37.93,34.05,33.59
Spruce Point,NYSE,AI,02/17/2023,3202896963.86,23.57,23.84,24.04,21.63,22.23,22.41,21.4,21.58,27.4,26.82,31.68,31.69
Spruce Point,NYSE,PGNY,02/07/2023,2752296767.77,32.5,32.01,32.32,32.55,31.99,33.14,34.38,32.41,34.53,34.85,41.45,41.0
Spruce Point,NASDAQ,SMCI,01/10/2023,4657319851.32,8.1,7.84,7.83,7.56,8.06,8.48,8.69,8.7,10.0,10.65,26.2,26.99
Spruce Point,TSX,SAP,11/29/2022,8989397714.86,22.99,21.81,21.8,22.58,22.39,22.67,22.81,22.85,25.1,24.89,23.98,24.2
Spruce Point,NASDAQ,WDFC,10/18/2022,2265093364.11,166.93,167.36,167.5,163.5,142.73,149.04,164.69,164.8,168.77,167.97,176.3,180.13
Spruce Point,NASDAQ,MGPI,10/12/2022,1994600846.15,95.15,93.68,92.89,100.29,99.55,99.55,113.11,110.88,100.16,101.39,93.36,94.67
Spruce Point,NYSE,BR,09/28/2022,16518557396.05,139.72,141.52,141.17,139.63,142.25,143.12,137.86,141.53,128.46,129.41,135.64,135.34
Spruce Point,NYSE,FIGS,09/07/2022,1738982938.25,10.53,11.22,11.03,11.43,11.26,10.71,8.65,8.56,8.09,7.6,6.74,6.31
Spruce Point,NYSE,SKX,07/19/2022,4964769400.02,35.18,37.91,37.81,38.63,37.01,35.66,40.08,40.32,35.48,35.42,46.23,46.22
Spruce Point,NYSE,GNRC,06/22/2022,12472747333.83,203.36,212.57,213.56,221.91,218.73,214.61,248.99,239.93,193.75,183.49,94.4,91.73
Spruce Point,NYSE,AMR,05/17/2022,1923871302.37,138.6,147.38,148.99,144.99,156.57,160.24,142.69,138.93,138.53,143.31,145.84,155.3
Spruce Point,NYSE,SYK,04/06/2022,98849922390.88,248.71,258.56,257.52,260.46,250.17,254.17,231.34,231.45,194.48,195.45,199.37,203.7
Spruce Point,NASDAQ,TASK,01/20/2022,1049828208.07,33.83,30.13,29.02,28.79,30.12,27.63,28.06,28.18,37.28,35.29,18.98,19.47
Spruce Point,NASDAQ,HSKA,10/25/2021,None,213.61,221.1,222.78,228.8,222.26,224.12,176.7,175.21,143.51,153.34,125.4,130.7
Spruce Point,NYSE,LSPD,09/29/2021,13358049722.3,105.78,98.77,98.04,96.43,87.77,88.09,96.94,97.69,41.51,40.75,29.03,29.06
Spruce Point,NYSE,GENI,08/05/2021,4008196780.86,16.04,16.81,17.34,17.97,17.95,18.76,21.76,21.3,18.7,19.09,6.66,6.97
Spruce Point,NASDAQ,OTLY,07/14/2021,12451664356.8,403.7,410.8,400.0,389.6,396.2,377.4,338.2,337.4,286.0,283.8,160.0,145.0
Spruce Point,NYSE,DNMR,05/21/2021,2652671449.73,805.6,878.4,890.4,841.2,940.0,887.2,918.4,929.2,592.8,563.2,595.6,648.0
Spruce Point,NASDAQ,PRCH,04/08/2021,1803851665.55,16.94,17.3,17.11,16.8,16.78,16.08,12.66,12.6,19.69,19.48,16.04,16.49
Spruce Point,NYSEAMEX,LODE,03/10/2021,2019834127.0,45.3,41.0,43.7,42.0,47.5,47.6,49.3,46.5,44.2,42.1,34.8,31.4
Spruce Point,NYSE,LDOS,02/16/2021,12675694571.33,102.0,98.8,97.97,99.04,91.94,87.8,91.41,91.42,96.89,97.42,90.96,92.54
Spruce Point,NASDAQ,MGNI,01/07/2021,3646846287.96,26.94,25.61,25.42,25.08,27.42,31.14,56.37,58.65,40.39,39.76,34.02,34.41
Spruce Point,NYSE,AVY,11/10/2020,10824955666.26,139.68,138.81,139.85,139.81,139.44,137.65,141.63,139.49,159.86,161.77,207.28,205.67
Spruce Point,NYSE,NOVA,09/29/2020,None,None,None,None,None,None,None,None,None,None,None,None,None
Spruce Point,NYSE,GFL,08/18/2020,6797259185.84,19.75,19.34,19.78,18.27,18.77,18.56,20.62,21.7,22.68,23.82,28.75,28.37
Spruce Point,NYSE,PBH,06/30/2020,1848484330.35,36.28,37.56,37.61,36.89,35.98,36.57,37.23,37.58,34.64,35.22,35.06,35.17
Spruce Point,NASDAQ,FSCT,05/13/2020,None,None,None,None,None,None,None,None,None,None,None,None,None
Spruce Point,NASDAQ,ALGN,04/09/2020,14003641610.89,183.87,193.19,189.34,185.72,185.77,180.34,207.71,214.3,274.35,278.39,322.19,316.08
Spruce Point,NYSE,AMCR,03/10/2020,16331609818.8,7.09,7.07,6.49,6.3,4.85,4.91,6.82,7.22,8.67,8.38,8.78,8.68
Spruce Point,NASDAQ,DBX,02/06/2020,3531747791.71,17.67,18.26,18.1,18.1,18.5,18.61,18.46,17.67,20.21,20.34,23.28,23.23
Spruce Point,NASDAQ,LHCG,01/15/2020,None,None,None,None,None,None,None,None,None,None,None,None,None
Spruce Point,NASDAQ,PLUG,12/19/2019,3412674667.9,2.88,2.93,2.89,2.94,3.09,3.15,4.15,4.32,2.94,2.83,5.48,5.45
Spruce Point,TSE,CTC,12/05/2019,None,None,None,None,None,None,None,None,None,None,None,None,None
Spruce Point,NASDAQ,CTAS,11/13/2019,24297904489.77,59.78,60.46,60.15,61.44,60.83,61.46,61.42,62.02,69.65,69.52,51.11,50.78
Spruce Point,NYSE,HRC,10/29/2019,None,None,None,None,None,None,None,None,None,None,None,None,None
Spruce Point,NASDAQ,MPWR,10/09/2019,6185724318.42,127.05,129.16,127.97,130.95,137.36,135.57,155.1,157.73,168.61,169.12,154.33,163.34
Spruce Point,NASDAQ,PINC,09/25/2019,2165426052.82,27.76,26.19,26.62,25.57,23.97,23.8,28.48,28.9,33.0,32.88,24.6,23.34
Spruce Point,NYSE,CHD,09/05/2019,17587790590.72,74.34,72.2,72.14,70.71,68.09,67.68,70.74,70.85,64.32,65.56,70.32,68.51
Spruce Point,NYSE,PEN,07/31/2019,6536254258.43,175.27,167.6,168.57,167.81,151.92,147.02,145.95,145.55,157.6,162.86,168.79,172.44
Spruce Point,NYSE,MTD,07/24/2019,16729921964.77,784.0,812.17,805.14,790.68,759.41,756.75,666.27,642.84,686.33,684.21,831.0,835.13
Spruce Point,NASDAQ,AAXN,06/19/2019,None,None,None,None,None,None,None,None,None,None,None,None,None
Spruce Point,NASDAQ,VRNT,05/23/2019,1704803157.89,29.29,28.27,28.31,28.62,30.29,29.05,28.01,27.69,27.81,27.77,24.68,24.54
Spruce Point,NYSE,AOS,05/16/2019,4594239164.35,42.94,40.21,39.66,39.08,38.65,38.93,40.59,40.47,40.27,40.17,46.68,46.85
Spruce Point,NASDAQ,KRNT,05/14/2019,1196209987.28,27.0,26.02,26.37,28.12,27.26,27.0,27.51,28.63,27.02,27.55,33.85,34.15
Spruce Point,NASDAQ,PETQ,04/30/2019,None,None,None,None,None,None,None,None,None,None,None,None,None
Spruce Point,NYSE,AJRD,04/09/2019,None,None,None,None,None,None,None,None,None,None,None,None,None
Spruce Point,NASDAQ,DXCM,03/21/2019,13937198477.13,36.38,35.54,35.17,32.26,28.83,29.59,28.43,29.15,38.21,38.44,37.74,38.42
Spruce Point,NASDAQ,IRBT,03/11/2019,3857310332.38,122.2,122.97,122.67,123.98,125.23,127.83,122.4,126.0,91.97,90.12,62.5,63.3
Spruce Point,NYSE,CVNA,03/01/2019,5101228015.09,45.09,43.62,43.57,42.07,48.73,49.6,58.74,58.94,58.33,58.75,80.25,81.96
Spruce Point,NASDAQ,DOX,01/23/2019,5278189826.57,50.11,47.99,47.93,48.19,48.6,48.25,49.22,49.53,47.58,47.5,55.93,55.59
Spruce Point,NYSE,XPO,12/13/2018,1812417346.5,20.06,15.39,16.56,17.83,17.78,18.27,20.55,20.79,17.1,17.24,19.45,19.19
Spruce Point,TSX,DOL,10/31/2018,7175983508.14,25.8,25.98,23.9,27.05,26.61,26.71,25.58,25.06,25.29,25.35,29.68,29.3
Spruce Point,NASDAQ,MRCY,10/17/2018,2874990663.58,49.9,47.9,47.0,46.92,46.34,45.3,49.41,49.72,47.26,47.31,66.35,65.69
Spruce Point,NYSE,WMK,09/05/2018,926758614.4,38.77,37.45,37.38,38.05,38.88,38.52,36.38,35.55,39.74,38.94,42.74,40.43
Spruce Point,NYSE,MAXR,08/07/2018,None,None,None,None,None,None,None,None,None,None,None,None,None
Spruce Point,NASDAQ,TWOU,07/19/2018,None,None,None,None,None,None,None,None,None,None,None,None,None
Spruce Point,NASDAQ,MOMO,06/27/2018,3245511229.64,28.88,27.21,27.29,28.2,28.06,28.06,27.49,26.59,29.01,29.32,14.69,15.04
Spruce Point,NYSE,HTA,06/07/2018,None,None,None,None,None,None,None,None,None,None,None,None,None
Spruce Point,NASDAQ,USCR,05/17/2018,None,None,None,None,None,None,None,None,None,None,None,None,None
Spruce Point,NASDAQ,KTOS,05/15/2018,1897250141.37,11.38,11.24,11.3,10.93,11.11,10.84,11.66,11.51,13.03,12.71,15.52,15.11
Spruce Point,NYSE,GLOB,04/04/2018,2122507664.88,49.75,48.18,48.23,48.35,45.47,44.79,45.92,46.0,56.86,56.34,59.11,59.1
Spruce Point,NYSE,O,02/07/2018,30090964157.96,33.71,32.91,32.86,32.0,32.66,32.36,34.19,34.38,35.78,35.75,39.87,39.74
Spruce Point,NASDAQ,BLDP,01/25/2018,982889204.07,3.74,3.27,3.4,3.01,3.64,3.56,3.5,3.52,3.4,3.34,3.14,3.04
Spruce Point,NASDAQ,MATW,01/11/2018,1290990813.69,42.45,41.93,41.97,41.81,42.74,42.84,43.57,43.61,40.57,40.77,49.73,48.83
Viceroy,TYO,3856,5/29/2023,1207473244.77,58.64,63.88,62.42,60.89,70.18,68.98,68.92,68.65,34.77,31.85,24.22,23.09
Viceroy,TYO,3856,5/22/2023,1408091883.5,74.49,74.49,78.47,65.6,58.64,63.88,66.86,66.46,39.29,39.29,25.65,24.42
Viceroy,TYO,3856,5/18/2023,1031931904.97,59.7,54.59,59.43,64.54,64.08,58.57,67.72,68.32,42.94,42.34,21.57,21.57
Viceroy,TYO,3856,5/17/2023,1283958966.29,87.16,67.92,59.7,54.59,66.4,61.49,70.25,68.19,42.8,42.41,21.53,21.47
Viceroy,TYO,3856,5/16/2023,1660119006.66,80.92,87.82,87.16,67.92,78.47,65.6,64.01,70.51,60.26,48.31,21.53,21.47
Viceroy,ETR,ADJ,10/6/2021,1637561955.6,14.36,10.8,10.69,12.47,11.9,11.99,13.18,12.66,12.69,12.31,13.38,13.28
Viceroy,ETR,ADJ,10/12/2021,1820968875.89,12.91,12.01,11.9,11.99,13.18,12.9,11.94,11.8,11.83,11.64,13.25,13.48
Viceroy,ETR,ADJ,4/19/2022,1807868392.74,12.26,11.92,12.04,12.07,10.12,10.12,5.51,5.51,4.03,4.02,1.74,1.73
Viceroy,ETR,ADJ,5/3/2022,1117636003.46,5.7,7.37,7.19,7.35,5.97,5.88,5.59,5.59,3.73,3.56,1.52,1.62
Viceroy,NASDAQ,AMD,3/22/2018,17705224399.36,11.1,10.91,10.91,10.63,9.94,10.05,10.09,10.04,16.83,16.52,32.99,31.93
Viceroy,NASDAQ,AMD,3/13/2018,18889901097.12,11.5,11.64,11.7,11.36,11.41,11.11,9.98,10.08,15.21,15.73,28.15,29.89
Viceroy,NYSE,ABR,9/19/2025,2282617762.17,11.72,11.87,11.87,11.74,11.97,12.05,None,None,None,None,None,None
Viceroy,NYSE,ABR,8/6/2025,2185802439.23,11.45,11.37,11.44,11.46,11.74,11.77,11.96,12.17,None,None,None,None
Viceroy,NYSE,ABR,7/24/2025,2253288649.52,11.68,11.72,11.72,11.78,11.13,10.88,11.77,11.76,None,None,None,None
Viceroy,NYSE,ABR,4/24/2025,2035995732.19,10.79,10.59,10.58,10.7,11.08,10.5,9.37,9.61,11.53,11.74,None,None
Viceroy,NYSE,ABR,3/24/2025,2229205674.71,11.69,11.59,11.61,11.47,10.9,11.14,10.85,10.72,9.76,10.18,11.87,11.74
Viceroy,NYSE,ABR,3/4/2025,2158246552.71,10.86,11.22,11.29,11.26,11.72,11.42,10.92,11.11,9.28,9.21,11.62,11.68
Viceroy,NYSE,ABR,2/21/2025,2110754572.09,12.75,10.98,11.05,10.68,11.05,11.29,11.69,11.59,8.83,8.7,11.49,11.61
Viceroy,NYSE,ABR,12/20/2024,2420332090.28,12.42,12.59,12.6,12.65,12.68,12.49,12.74,12.44,11.68,11.72,9.88,9.97
Viceroy,NYSE,ABR,10/16/2024,2612866046.5,13.61,13.59,13.6,13.5,13.5,13.58,13.51,13.32,12.04,12.17,10.22,10.16
Viceroy,NYSE,ABR,9/3/2024,2265964768.11,11.98,11.78,11.69,11.59,11.99,12.04,13.32,13.42,13.42,13.31,11.34,10.96
Viceroy,NYSE,ABR,8/20/2024,2202736574.64,11.64,11.45,11.51,11.69,12.0,12.09,13.6,13.47,13.29,13.52,12.58,12.62
Viceroy,NYSE,ABR,8/7/2024,2197218831.87,11.8,11.43,11.62,11.63,11.68,11.71,11.68,11.91,13.07,13.28,11.92,12.35
Viceroy,NYSE,ABR,7/25/2024,2157479786.92,11.25,11.22,11.41,11.73,11.67,11.37,11.91,12.01,13.5,13.58,12.74,12.44
Viceroy,NYSE,ABR,7/12/2024,2134299288.67,13.48,11.1,10.66,11.5,11.25,11.29,11.71,11.51,13.39,13.64,12.37,12.34
Viceroy,NYSE,ABR,7/11/2024,2571424565.08,13.23,13.37,13.48,11.1,11.54,11.24,11.71,11.51,13.19,13.45,12.62,12.48
Viceroy,NYSE,ABR,6/20/2024,2334648167.38,12.09,12.14,12.11,12.16,12.24,12.24,11.35,11.53,13.05,13.36,13.15,13.01
Viceroy,NYSE,ABR,6/6/2024,2337959693.32,12.09,12.16,11.93,11.64,11.61,11.91,12.69,12.82,11.69,11.59,13.27,12.93
Viceroy,NYSE,ABR,6/5/2024,2347894637.95,11.93,12.21,12.09,12.16,11.97,11.78,12.63,12.69,11.98,11.78,13.42,13.31
Viceroy,NYSE,ABR,5/28/2024,2195562977.2,11.49,11.42,11.29,11.25,11.97,11.85,12.24,12.24,11.91,12.01,13.45,13.5
Viceroy,NYSE,ABR,5/16/2024,2286630766.04,12.18,11.89,11.87,11.96,11.62,11.39,11.74,12.09,11.68,11.71,13.87,13.77
Viceroy,NYSE,ABR,5/9/2024,2063745648.42,11.14,10.73,10.77,10.95,12.18,11.89,11.54,11.61,11.8,11.43,13.07,13.28
Viceroy,NYSE,ABR,3/26/2024,2065352903.97,10.91,10.74,10.81,11.19,10.84,10.82,10.75,10.48,12.19,12.23,13.33,13.5
Viceroy,NYSE,ABR,3/18/2024,2055709187.29,10.78,10.69,10.6,10.54,10.83,10.82,10.24,10.16,11.74,12.09,12.89,12.94
Viceroy,NYSE,ABR,2/21/2024,2034857779.13,10.76,10.58,10.57,10.39,10.65,10.65,10.91,10.78,11.93,11.87,11.85,11.69
Viceroy,NYSE,ABR,1/22/2024,2193539236.33,11.92,11.41,11.48,11.25,11.16,11.53,10.76,10.58,10.55,10.66,11.35,11.53
Viceroy,NYSE,ABR,12/26/2023,2515569683.93,12.81,13.08,13.11,13.02,12.13,12.16,11.02,11.02,10.83,10.82,12.19,12.23
Viceroy,NYSE,ABR,12/22/2023,2451785993.3,12.9,12.75,12.81,13.08,12.75,12.28,11.92,11.41,10.97,10.88,12.09,12.14
Viceroy,NYSE,ABR,12/5/2023,2126644284.82,11.06,11.06,11.16,10.64,11.36,11.48,11.87,11.98,10.78,10.45,11.99,12.11
Viceroy,NYSE,ABR,11/29/2023,1880843304.94,9.81,9.78,9.98,10.1,11.16,10.64,12.75,12.28,10.64,10.71,11.49,11.42
Viceroy,NYSE,ABR,11/16/2023,1904178770.2,10.63,9.9,9.98,10.11,9.88,9.82,12.51,12.43,9.93,10.31,11.93,12.62
Viceroy,NASDAQ,ATNX,11/20/2019,None,None,None,None,None,None,None,None,None,None,None,None,None
Viceroy,NASDAQ,ATNX,11/13/2019,None,None,None,None,None,None,None,None,None,None,None,None,None
Viceroy,NASDAQ,ATNX,11/7/2019,None,None,None,None,None,None,None,None,None,None,None,None,None
Viceroy,NASDAQ,ATNX,11/4/2019,None,None,None,None,None,None,None,None,None,None,None,None,None
Viceroy,NASDAQ,ATNX,10/29/2019,None,None,None,None,None,None,None,None,None,None,None,None,None
Viceroy,NASDAQ,ATNX,10/28/2019,None,None,None,None,None,None,None,None,None,None,None,None,None
Viceroy,NASDAQ,ATNX,10/25/2019,None,None,None,None,None,None,None,None,None,None,None,None,None
Viceroy,NASDAQ,ATNX,10/24/2019,None,None,None,None,None,None,None,None,None,None,None,None,None
Viceroy,NASDAQ,ATNX,10/23/2019,None,None,None,None,None,None,None,None,None,None,None,None,None
Viceroy,NASDAQ,ATNX,10/10/2019,None,None,None,None,None,None,None,None,None,None,None,None,None
Viceroy,NASDAQ,CSTE,8/1/2017,1123780444.53,32.46,32.51,30.01,28.21,27.94,27.52,26.73,26.76,26.41,26.18,19.81,20.13
Viceroy,NASDAQ,CSTE,6/14/2017,1133357889.11,33.2,32.78,32.6,32.14,32.23,31.54,33.2,32.74,27.15,26.97,21.7,21.47
Viceroy,NASDAQ,MPW,2/6/2023,5771081316.85,9.72,9.6,9.54,9.49,9.29,9.45,7.73,7.75,6.84,6.82,8.16,8.3
Viceroy,NASDAQ,MPW,2/7/2023,5701772659.78,9.54,9.49,9.49,9.48,9.42,9.3,7.69,7.36,6.84,6.82,8.16,8.3
Viceroy,NASDAQ,MPW,2/13/2023,5683290962.7,9.29,9.45,9.42,9.3,9.96,9.64,6.45,6.49,6.11,5.88,6.45,6.42
Viceroy,NASDAQ,MPW,2/15/2023,6062176644.71,9.23,10.09,10.09,9.85,9.57,9.38,6.38,6.15,5.83,5.78,6.45,6.42
Viceroy,NASDAQ,MPW,2/16/2023,5923559903.81,10.09,9.85,9.87,9.96,9.32,8.56,6.21,6.28,5.77,6.06,6.31,6.23
Viceroy,NASDAQ,MPW,2/18/2023,None,None,None,None,None,None,None,None,None,None,None,None,None
Viceroy,NASDAQ,MPW,2/22/2023,5637085573.48,9.57,9.38,9.32,8.56,7.91,7.74,5.72,5.99,6.27,6.29,5.72,5.76
Viceroy,NASDAQ,MPW,3/10/2023,4061473603.77,7.3,6.76,6.7,6.68,6.38,6.15,6.45,6.66,7.4,7.44,5.84,5.76
Viceroy,NASDAQ,MPW,6/21/2023,4409041006.76,7.4,7.33,7.33,7.23,7.56,7.55,8.46,8.49,5.12,5.06,4.4,4.28
Viceroy,NASDAQ,MPW,9/6/2023,3461072113.32,5.84,5.76,5.7,5.53,5.38,5.4,4.37,4.29,4.49,4.3,3.78,3.8
Viceroy,NASDAQ,MPW,9/26/2023,2546557728.58,4.37,4.24,4.25,4.23,4.33,4.16,3.94,4.34,4.24,4.25,3.55,3.43
Viceroy,NASDAQ,MPW,4/2/2024,2243436829.35,3.84,3.73,3.7,3.68,3.55,3.71,4.23,4.32,3.94,3.76,5.55,5.46
Viceroy,NASDAQ,MPW,4/16/2024,2404797264.77,4.02,4.0,4.07,4.13,4.04,4.14,4.78,4.57,4.13,4.36,4.38,4.23
Viceroy,NASDAQ,MPW,5/3/2024,2613489389.47,4.43,4.35,3.94,4.02,4.23,4.27,4.87,4.94,4.45,4.25,4.31,4.4
Viceroy,NASDAQ,MPW,5/28/2024,2742285435.77,4.55,4.56,4.52,4.45,4.92,4.93,4.27,4.28,4.14,4.02,4.06,4.18
Viceroy,NASDAQ,MPW,7/3/2024,2241411237.65,3.71,3.73,3.75,3.85,3.93,4.03,4.14,4.33,5.47,5.39,3.48,3.54
Viceroy,NASDAQ,MPW,7/19/2024,2649944594.29,4.29,4.41,4.39,4.49,4.84,4.88,4.48,4.26,4.37,4.4,3.9,3.93
Viceroy,NASDAQ,MPW,7/30/2024,2760358689.64,4.62,4.59,4.6,4.42,4.21,4.4,4.05,4.07,4.35,4.35,4.4,4.43
Viceroy,NASDAQ,MPW,9/9/2024,2800278352.79,4.57,4.66,4.62,4.48,5.97,5.93,5.1,4.82,3.89,3.9,5.71,5.66
Viceroy,NASDAQ,MPW,10/11/2024,2665596138.19,4.57,4.43,4.38,4.23,4.42,4.66,4.62,4.23,3.68,3.65,4.69,5.17
Viceroy,NASDAQ,MPW,10/22/2024,2643148385.86,4.43,4.4,4.39,4.41,4.34,4.35,3.97,3.96,3.95,4.12,5.23,5.03
Viceroy,NASDAQ,MPW,10/25/2024,2592642734.53,4.6,4.31,4.35,4.35,4.35,4.21,4.06,4.18,4.13,4.35,5.09,5.14
Viceroy,NASDAQ,MPW,1/30/2023,5895836784.93,9.94,9.81,9.84,9.95,9.72,9.6,7.91,7.74,6.97,6.84,8.28,8.29
Viceroy,JSE,CPI,5/21/2018,537307222459.29,4604.35,4639.73,4619.79,4702.35,4795.57,4806.55,4719.98,4735.75,5142.63,5169.05,5987.97,6059.17
Viceroy,JSE,CPI,3/5/2018,550497836496.05,4613.79,4753.63,4754.95,4761.54,4680.74,4813.44,4608.29,4635.76,4932.84,5094.95,5529.68,5592.03
Viceroy,JSE,CPI,2/20/2018,522281447941.95,4525.9,4509.98,4520.41,4811.52,4727.54,4646.74,5022.11,4921.37,4604.35,4639.73,5142.63,5169.05
Viceroy,JSE,CPI,2/14/2018,517294618281.34,4666.19,4466.91,4509.43,4558.86,4520.41,4811.52,5080.66,5044.74,4773.05,4617.15,5097.69,5081.27
Viceroy,JSE,CPI,2/5/2018,549988838216.33,4970.8,4749.23,4534.2,4574.57,4575.34,4586.32,4773.07,4677.78,4696.69,4779.03,5334.45,5209.04
Viceroy,JSE,CPI,1/30/2018,575641824054.67,5053.19,4970.75,4832.89,4397.38,4534.2,4574.57,4613.79,4675.25,4809.41,4884.12,5191.08,5118.57
Viceroy,NASDAQ,EBIX,7/1/2019,None,None,None,None,None,None,None,None,None,None,None,None,None
Viceroy,NASDAQ,EBIX,5/6/2019,None,None,None,None,None,None,None,None,None,None,None,None,None
Viceroy,NASDAQ,EBIX,1/7/2019,None,None,None,None,None,None,None,None,None,None,None,None,None
Viceroy,NASDAQ,EBIX,12/15/2018,None,None,None,None,None,None,None,None,None,None,None,None,None
Viceroy,NASDAQ,EBIX,12/13/2018,None,None,None,None,None,None,None,None,None,None,None,None,None
Viceroy,NASDAQ,EBIX,12/11/2018,None,None,None,None,None,None,None,None,None,None,None,None,None
Viceroy,NASDAQ,EBIX,12/3/2018,None,None,None,None,None,None,None,None,None,None,None,None,None
Viceroy,NYSE,GL,3/3/2025,10351697176.88,127.54,127.79,126.48,123.38,122.88,121.82,130.52,132.27,120.61,121.73,139.3,139.68
Viceroy,NYSE,GL,12/9/2024,8375030934.57,103.33,103.39,103.39,102.79,104.23,105.89,111.77,113.41,122.88,121.82,120.87,120.16
Viceroy,NYSE,GL,8/12/2024,7333216024.76,91.51,90.53,90.83,92.19,95.7,97.1,100.81,100.27,109.9,108.12,122.35,121.49
Viceroy,NYSE,GL,8/6/2024,7131251649.75,87.82,88.04,88.78,87.87,90.83,92.19,105.33,103.47,103.42,102.63,120.42,121.67
Viceroy,NYSE,GL,7/31/2024,7432596026.7,93.19,91.76,92.41,91.96,88.78,87.87,104.43,103.94,104.72,106.04,119.3,120.1
Viceroy,NYSE,GL,7/11/2024,6830710683.12,82.6,84.33,84.91,85.13,87.92,87.26,91.51,90.53,104.62,106.31,111.51,110.8
Viceroy,NYSE,GL,6/14/2024,6224277419.16,77.68,76.84,77.26,78.84,81.13,81.94,85.11,85.89,100.13,101.2,103.48,104.19
Viceroy,NYSE,GL,6/7/2024,6499172292.52,79.8,80.23,79.83,80.52,77.68,76.84,81.06,80.06,105.33,103.47,107.83,105.17
Viceroy,NYSE,GL,5/23/2024,6436840630.25,83.73,79.46,79.67,80.64,81.87,81.16,82.17,82.56,96.52,96.5,107.23,108.41
Viceroy,NYSE,GL,5/23/2024,6436840630.25,83.73,79.46,79.67,80.64,81.87,81.16,82.17,82.56,96.52,96.5,107.23,108.41
Viceroy,NYSE,GL,5/15/2024,7014598326.05,87.42,86.6,87.16,82.81,82.21,84.45,77.68,76.84,90.83,92.19,109.9,108.12
Viceroy,NYSE,GL,5/13/2024,6803632665.47,85.76,83.99,83.16,87.37,85.15,84.85,79.88,80.02,91.51,90.53,109.9,108.12
Viceroy,NYSE,GL,5/10/2024,6912311832.8,86.19,85.33,85.76,83.99,83.79,84.91,79.83,80.52,88.18,90.34,109.0,110.07
Viceroy,NYSE,GL,5/1/2024,6351336760.47,74.48,78.41,78.54,78.21,83.4,88.28,81.39,81.64,91.38,93.46,104.96,104.6
Viceroy,NYSE,GL,4/30/2024,6086829982.48,71.4,75.14,74.48,78.41,79.66,84.01,81.87,81.16,90.38,91.09,104.96,104.6
Viceroy,XTRA,GLJ,10/22/2020,1493957906.17,33.5,33.82,33.54,34.19,32.87,33.48,36.93,37.87,37.95,38.78,32.65,32.2
Viceroy,XTRA,GLJ,10/20/2020,1581838286.2,34.07,35.81,36.61,33.94,32.56,31.51,37.46,36.53,37.01,37.8,33.01,32.34
Viceroy,XTRA,GLJ,10/6/2020,1788921219.74,39.49,40.49,43.17,39.92,36.46,35.45,35.94,35.02,38.5,36.77,34.45,34.77
Viceroy,XTRA,GLJ,9/30/2020,1372144458.68,29.05,31.06,31.37,31.12,43.17,39.92,32.67,33.01,39.11,37.48,32.46,32.54
Viceroy,XTRA,GLJ,9/24/2020,1405208077.51,32.65,31.81,32.38,30.88,31.37,31.12,33.09,32.1,37.56,37.91,33.29,33.82
Viceroy,XTRA,GLJ,9/21/2020,1344301262.76,33.48,30.43,31.65,32.64,31.79,30.31,36.61,33.94,38.29,37.52,32.12,33.46
Viceroy,XTRA,GLJ,9/18/2020,1448712906.19,36.89,32.79,33.48,30.43,32.38,30.88,33.21,33.8,39.53,39.39,33.32,32.5
Viceroy,XTRA,GLJ,9/16/2020,1161580818.52,41.95,26.29,27.18,35.12,33.5,33.11,34.21,33.13,36.69,37.22,33.32,32.75
Viceroy,XTRA,GLJ,9/15/2020,1942058660.77,54.11,43.96,41.95,26.29,31.65,32.64,34.86,33.82,37.4,36.44,33.32,32.75
Viceroy,LSE,HOME,11/30/2022,50783606531.04,76.04,64.24,66.01,64.74,66.27,63.6,48.83,48.32,48.32,48.32,48.32,48.32
Viceroy,LSE,HOME,11/23/2022,62425700690.12,97.75,78.96,76.8,82.52,76.04,64.24,48.2,50.04,48.32,48.32,48.32,48.32
Viceroy,NASDAQ,MDXG,6/17/2019,732399080.98,4.87,4.95,4.96,4.87,4.55,4.46,4.91,4.73,5.26,5.38,7.06,7.1
Viceroy,NASDAQ,MDXG,10/30/2017,1842094700.98,12.18,12.45,12.55,12.68,12.3,12.05,12.16,11.17,17.21,17.96,7.87,8.21
Viceroy,NASDAQ,MDXG,5/11/2018,1031277098.48,7.1,6.97,7.04,7.0,7.35,7.4,6.01,5.99,4.34,4.35,3.9,3.66
Viceroy,NASDAQ,MDXG,12/11/2017,1723727139.96,11.59,11.65,11.65,12.25,12.69,12.32,15.1,14.32,7.46,7.58,6.01,5.99
Viceroy,NASDAQ,MDXG,12/14/2017,1796227361.04,12.08,12.14,12.17,12.5,12.56,12.83,13.89,13.94,7.35,7.27,6.0,5.94
Viceroy,NASDAQ,MDXG,11/16/2017,1680818914.96,12.01,11.36,11.55,11.82,10.89,11.1,12.69,12.32,15.33,15.96,6.99,7.0
Viceroy,NASDAQ,MDXG,10/20/2017,2056635825.96,13.86,13.9,13.89,12.32,12.25,12.15,11.73,11.06,14.12,14.27,7.33,7.34
Viceroy,NASDAQ,MDXG,2/22/2018,1313879631.01,8.86,8.88,9.01,7.83,7.05,7.11,6.9,7.25,8.04,8.96,3.78,3.89
Viceroy,NASDAQ,MDXG,9/26/2017,1822859959.97,12.58,12.32,12.35,11.92,12.69,11.76,11.62,12.23,13.06,12.86,6.9,7.25
Viceroy,NASDAQ,MDXG,10/27/2017,1797706847.96,12.25,12.15,12.18,12.45,12.05,12.42,11.09,10.88,15.18,15.71,7.4,8.24
Viceroy,NASDAQ,MDXG,10/15/2018,781225747.52,5.15,5.28,5.33,5.31,5.34,5.29,2.55,2.42,2.48,2.47,3.32,3.04
Viceroy,NASDAQ,MDXG,6/8/2018,901072866.02,6.27,6.09,6.01,5.99,5.45,5.64,3.43,3.34,5.42,5.36,1.51,1.2
Viceroy,NASDAQ,MDXG,10/10/2017,1827298844.04,12.27,12.35,12.48,12.38,13.57,13.82,12.27,12.7,13.65,13.52,6.53,6.42
Viceroy,NASDAQ,MDXG,10/17/2017,2044799083.97,13.57,13.82,13.82,13.76,12.32,11.3,12.01,11.36,13.89,13.94,7.07,7.41
Viceroy,NASDAQ,MDXG,10/3/2017,1740002766.03,12.69,11.76,11.76,12.48,12.27,12.35,11.57,11.99,12.62,12.98,6.9,6.74
Viceroy,NASDAQ,MDXG,9/20/2020,None,None,None,None,None,None,None,None,None,None,None,None,None
Viceroy,NASDAQ,MDXG,11/30/2017,1711890397.97,11.12,11.57,11.58,11.56,11.4,11.39,12.62,12.98,7.26,7.09,8.32,8.35
Viceroy,NASDAQ,MDXG,12/13/2017,1774033363.97,12.27,11.99,12.08,12.14,12.47,12.56,14.05,13.86,7.61,7.37,6.01,5.99
Viceroy,NASDAQ,MDXG,10/4/2017,1846533443.95,11.76,12.48,12.45,12.53,12.48,12.38,12.05,12.42,12.62,12.98,6.9,6.74
Viceroy,NASDAQ,MDXG,10/31/2017,1876125440.03,12.55,12.68,12.68,11.65,12.05,12.43,11.12,11.57,17.21,17.96,7.87,8.21
Viceroy,NASDAQ,MDXG,6/25/2018,862603383.99,5.91,5.83,5.82,6.25,4.67,3.93,3.92,4.33,6.25,6.0,1.56,1.5
Viceroy,NASDAQ,MDXG,10/5/2017,1853931442.97,12.45,12.53,12.52,12.13,12.25,13.21,12.3,12.05,12.96,12.9,6.83,6.97
Viceroy,NASDAQ,MDXG,11/8/2017,1830257958.99,12.34,12.37,12.27,12.7,11.77,11.94,11.39,11.75,15.6,17.07,8.0,8.06
Viceroy,NASDAQ,MDXG,10/2/2017,1892400925.0,11.51,12.79,12.69,11.76,12.13,11.72,12.68,11.65,12.62,12.98,6.9,6.74
Viceroy,NASDAQ,MDXG,11/21/2017,1621635205.0,11.01,10.96,10.99,10.87,10.87,11.51,12.56,12.83,9.9,8.75,7.37,7.32
Viceroy,NASDAQ,MDXG,10/13/2017,1953064262.98,13.21,13.2,13.26,13.51,13.86,13.9,12.26,12.12,14.44,13.94,6.72,6.95
Viceroy,NASDAQ,MDXG,12/28/2017,1873166183.98,12.83,12.66,12.66,12.61,12.9,13.12,17.21,17.96,6.83,7.06,5.82,6.25
Viceroy,NASDAQ,MDXG,10/26/2017,1809543589.95,11.62,12.23,12.25,12.15,11.57,11.99,11.09,10.88,14.9,15.07,7.57,7.43
Viceroy,JSE,NEPI,12/6/2018,None,None,None,None,None,None,None,None,None,None,None,None,None
Viceroy,JSE,NEPI,11/28/2018,None,None,None,None,None,None,None,None,None,None,None,None,None
Viceroy,NASDAQ,NDRM,9/6/2017,None,None,None,None,None,None,None,None,None,None,None,None,None
Viceroy,NASDAQ,NDRM,8/30/2017,None,None,None,None,None,None,None,None,None,None,None,None,None
Viceroy,NASDAQ,TEUM,7/17/2019,None,None,None,None,None,None,None,None,None,None,None,None,None
Viceroy,NASDAQ,TEUM,7/2/2019,None,None,None,None,None,None,None,None,None,None,None,None,None
Viceroy,NASDAQ,TEUM,6/28/2019,None,None,None,None,None,None,None,None,None,None,None,None,None
Viceroy,NASDAQ,TEUM,6/27/2019,None,None,None,None,None,None,None,None,None,None,None,None,None
Viceroy,NASDAQ,TEUM,6/26/2019,None,None,None,None,None,None,None,None,None,None,None,None,None
Viceroy,TSE/NYSE,PVG,1/10/2019,None,None,None,None,None,None,None,None,None,None,None,None,None
Viceroy,TSE/NYSE,PVG,9/18/2018,None,None,None,None,None,None,None,None,None,None,None,None,None
Viceroy,TSE/NYSE,PVG,9/11/2018,None,None,None,None,None,None,None,None,None,None,None,None,None
Viceroy,TSE/NYSE,PVG,9/6/2018,None,None,None,None,None,None,None,None,None,None,None,None,None
Viceroy,ETR,PSM,3/6/2018,None,24.64,23.15,23.31,23.3,23.34,22.09,23.0,23.23,22.38,22.61,19.9,19.95
Viceroy,ASXL,QIN,5/14/2017,None,None,None,None,None,None,None,None,None,None,None,None,None
Viceroy,TSXV,RECO,9/6/2021,None,None,None,None,None,None,None,None,None,None,None,None,None
Viceroy,TSXV,RECO,7/21/2021,2161584012.08,7.1,8.14,8.36,8.18,7.86,8.01,4.7,4.45,4.47,4.5,5.1,5.15
Viceroy,TSXV,RECO,7/14/2021,2091793022.94,8.39,7.88,7.59,7.23,7.1,8.14,5.58,5.37,4.37,4.48,4.65,4.57
Viceroy,TSXV,RECO,6/30/2021,2275963827.37,8.36,8.57,8.72,8.88,8.8,8.32,8.14,8.09,4.67,4.64,4.45,4.43
Viceroy,TSXV,RECO,6/29/2021,2219743262.13,8.39,8.36,8.36,8.57,8.78,8.72,8.01,8.16,4.72,4.63,4.45,4.43
Viceroy,TSXV,RECO,6/24/2021,2586146371.07,9.49,9.74,9.2,8.02,8.72,8.88,7.7,7.89,4.72,4.69,4.25,4.31
Viceroy,STO,SBBB,3/23/2022,None,None,None,None,None,None,None,None,None,None,None,None,None
Viceroy,STO,SBBB,3/22/2022,None,None,None,None,None,None,None,None,None,None,None,None,None
Viceroy,STO,SBBB,3/17/2022,None,None,None,None,None,None,None,None,None,None,None,None,None
Viceroy,STO,SBBB,3/9/2022,None,None,None,None,None,None,None,None,None,None,None,None,None
Viceroy,STO,SBBB,3/2/2022,None,None,None,None,None,None,None,None,None,None,None,None,None
Viceroy,STO,SBBB,2/23/2022,None,None,None,None,None,None,None,None,None,None,None,None,None
Viceroy,STO,SBBB,2/21/2022,None,None,None,None,None,None,None,None,None,None,None,None,None
Viceroy,XTRA,SANT,12/16/2021,794987637.57,17.26,12.03,12.17,13.11,13.59,13.74,12.77,12.85,12.78,12.45,13.1,12.6
Viceroy,NASDAQ,SRNE,5/20/2020,None,5.03,5.7,5.5,5.03,5.28,5.17,4.82,4.8,12.31,12.28,6.4,6.57
Viceroy,ETR,SNH,12/6/2017,None,None,None,None,None,None,None,None,None,None,None,None,None
Viceroy,STO,SCA,3/22/2024,None,None,None,None,None,None,None,None,None,None,None,None,None
Viceroy,STO,SCA,3/21/2024,None,None,None,None,None,None,None,None,None,None,None,None,None
Viceroy,STO,SCA,2/15/2024,None,None,None,None,None,None,None,None,None,None,None,None,None
Viceroy,STO,SCA,2/1/2024,None,None,None,None,None,None,None,None,None,None,None,None,None
Viceroy,STO,SCA,1/30/2024,None,None,None,None,None,None,None,None,None,None,None,None,None
Viceroy,STO,SCA,1/25/2024,None,None,None,None,None,None,None,None,None,None,None,None,None
Viceroy,ASX,SYR,12/23/2016,2356653129.13,1.87,1.8,1.85,1.83,1.85,1.88,2.07,2.06,1.62,1.6,1.6,1.62
Viceroy,SS,TRUEB,8/5/2022,None,None,None,None,None,None,None,None,None,None,None,None,None
Viceroy,SS,TRUEB,8/3/2022,None,None,None,None,None,None,None,None,None,None,None,None,None
Viceroy,SS,TRUEB,9/28/2022,None,None,None,None,None,None,None,None,None,None,None,None,None
Viceroy,XTRA,WDI,11/6/2020,None,None,None,None,None,None,None,None,None,None,None,None,None
Viceroy,XTRA,WDI,7/3/2020,None,None,None,None,None,None,None,None,None,None,None,None,None
Viceroy,ASX,TYR,1/19/2021,996526988.55,1.74,1.89,1.83,1.74,1.66,1.64,1.74,1.72,2.57,2.54,2.22,2.22
Viceroy,ASX,TYR,1/18/2021,797221541.68,1.51,1.51,1.74,1.89,1.69,1.63,1.8,1.74,2.57,2.54,2.22,2.22
Viceroy,ASX,TYR,1/14/2021,903746899.22,1.81,1.71,1.7,1.51,1.77,1.72,1.68,1.72,2.5,2.54,2.35,2.33
